{
  "model": "zai-org/GLM-4.7-Flash",
  "use_api": false,
  "model_load_time_s": 251.2337177079753,
  "step_limit": 15,
  "max_new_tokens": 1000,
  "session_start": "2026-03-21T10:42:43.410015+00:00",
  "task_count": 20
}