{
  "model": "zai-org/GLM-4.7-Flash",
  "use_api": false,
  "model_load_time_s": 1181.8131483467296,
  "step_limit": 15,
  "max_new_tokens": 1000,
  "session_start": "2026-03-20T11:20:33.877172+00:00",
  "task_count": 40
}